user_id,contact_id,dob_id,gender,location_id,login_id,nationality,registered_id
310be0be-b55a-4ce0-9a34-41c75655c946,2958906128162531260,-5611331096235517664,male,1295893535661696714,310be0be-b55a-4ce0-9a34-41c75655c946,IR,-7512471593908444755
6a6e788e-ed43-4388-bef7-6dc52b72dbba,-198551632049725470,7535079987962580924,male,-6448610623438336719,6a6e788e-ed43-4388-bef7-6dc52b72dbba,IR,7857984815324279045
c0747763-d0f8-4ea0-af33-f6089d6c266d,-6938545674178445498,-5164212182178622747,male,-1669614032891889760,c0747763-d0f8-4ea0-af33-f6089d6c266d,FI,4579985530632240506
ec5f9120-b843-4f42-9551-98190bbd13ae,-233261989453089562,-8110736966133000494,male,4694197552224145428,ec5f9120-b843-4f42-9551-98190bbd13ae,FI,-5241502340571537609
5c2f1b7f-9733-40fa-ae0c-682a099b58f4,-849270636412831149,-1354113948541197650,male,3917097311951513367,5c2f1b7f-9733-40fa-ae0c-682a099b58f4,BR,-1708929218642653936
cf709709-9b55-4af6-b6da-d85e065e5243,-1995668581812198676,-8186878343305410121,male,-8214620397760228232,cf709709-9b55-4af6-b6da-d85e065e5243,MX,2376998885784343666
83457e72-3a75-47f8-828e-58b7e5c6a0cc,8989668569542105030,268129395950995075,male,6551170715092345805,83457e72-3a75-47f8-828e-58b7e5c6a0cc,DK,-5443453029505035524
663d27f2-b3ae-427d-993d-c04da7891ee8,7167842028492457064,-240015352838026068,male,-6292026786863582654,663d27f2-b3ae-427d-993d-c04da7891ee8,DE,1830518103126710236
c61b1881-70f3-4d06-8b1c-cf2753de1d41,7077634055350138226,6719426905592602373,male,8951514868606500784,c61b1881-70f3-4d06-8b1c-cf2753de1d41,BR,4987651422467441358
55bededb-a5cc-498f-847d-8b0312b9f45e,6235803199048862133,-7016327777671715291,female,-6542425856361704233,55bededb-a5cc-498f-847d-8b0312b9f45e,NL,686706375427604902
7366bcc7-fe3f-47a4-b078-d1e29167ead3,8309634999291683467,906110316360994701,female,124496561823764034,7366bcc7-fe3f-47a4-b078-d1e29167ead3,IE,-6221736944788168966
df1b7ebb-7e54-4909-a2ee-2e85acff1a8d,7960483439386572433,-843721352248967923,female,-8192597490756842516,df1b7ebb-7e54-4909-a2ee-2e85acff1a8d,NO,6637290826461196896
f3e3ebc4-0fa7-4cdf-8905-fcc034fc5ac9,6626481439187098366,8804597603595231123,female,185657818839299411,f3e3ebc4-0fa7-4cdf-8905-fcc034fc5ac9,NO,6003528074077974959
5fae19ec-33df-44cb-a1e1-2a61d84fef2b,-284164183226447676,547052259466579748,female,8762194341974260657,5fae19ec-33df-44cb-a1e1-2a61d84fef2b,DK,5028655948720534260
e7ca6e01-8f76-4731-9c4c-3c79f60ef914,8993163516664871992,-4665193239305669449,female,-1457412293696936740,e7ca6e01-8f76-4731-9c4c-3c79f60ef914,US,-1686180691159355781
14e656e1-5c0b-4e48-9317-325976e0e73f,6146743526702738037,6204701873795747254,male,-2099306477921760141,14e656e1-5c0b-4e48-9317-325976e0e73f,CH,3555847683213348124
70db9fa9-72d4-4998-8a25-f483ac604919,895835656594490739,4397552552676515121,female,8364368053715923571,70db9fa9-72d4-4998-8a25-f483ac604919,US,-6956333435529543464
1c2d0303-6190-4d18-90f0-4eb0bf3dcfee,-7935379350849777576,3953895621453807450,male,4319376221119130836,1c2d0303-6190-4d18-90f0-4eb0bf3dcfee,GB,1300146241945690545
b2176a7a-3652-47eb-b8b8-09999da63ec1,6263718631196928113,-5288451333234580672,male,9211753418351496461,b2176a7a-3652-47eb-b8b8-09999da63ec1,FI,-4740860000421945092
10443fbb-73d3-41a6-a11c-b68a5e3735db,5337826264416373720,2548963281489706837,female,-7082656870502260032,10443fbb-73d3-41a6-a11c-b68a5e3735db,DK,-5011900840073157903
956ed081-68de-48f2-8411-5fbb91397903,-4733747599746514075,-10600522710506427,female,105406075324930788,956ed081-68de-48f2-8411-5fbb91397903,IR,4672687546006489323
2b8477f6-372a-4d8c-ad7c-43f49a3e843e,-4255768955808022284,4279932493323629465,male,561409282532946812,2b8477f6-372a-4d8c-ad7c-43f49a3e843e,TR,4449570802389031475
31ee0fd0-3d5e-48ab-a3f6-420fde64b88c,4604437838856154253,-1732382458545502024,male,-1802821763126744751,31ee0fd0-3d5e-48ab-a3f6-420fde64b88c,DK,801282333665777321
1e437314-0e43-48f4-bc5f-5d67b62644a8,3987987698993623916,8692382362659196467,female,542286647479058561,1e437314-0e43-48f4-bc5f-5d67b62644a8,IE,2337600144757839292
f5697f2f-eef7-456f-b4d7-b19d27478270,-3254632052891015874,5739369443398648637,male,3386652089562249076,f5697f2f-eef7-456f-b4d7-b19d27478270,IE,5530598204496854847
e6332c8a-17cf-4e4f-8905-1b510d9a5f97,7988854310644679916,5763542941397625907,male,-4810167679185080716,e6332c8a-17cf-4e4f-8905-1b510d9a5f97,ES,7108446952370993468
df85fa94-9653-4aa9-a787-38b05a23f248,6937331994375271598,8298681049062307902,female,-7154317168725513501,df85fa94-9653-4aa9-a787-38b05a23f248,AU,-7298803331482302010
35d69eb5-0aa7-4796-8b38-8a2f29dec3bc,-1863223909098181041,-3675418606151528145,male,-7896104962727207243,35d69eb5-0aa7-4796-8b38-8a2f29dec3bc,NO,9059428932930228886
f4aabba2-8275-4f91-bc76-1291dc27e4cc,2350069421039803541,-6352710647797369198,male,6753948116507512428,f4aabba2-8275-4f91-bc76-1291dc27e4cc,GB,-2800941862894377614
7cd820bd-c8a9-4e3c-ad0e-f84881c9910a,2136631903775340593,7262590093184468818,female,2983238974054194256,7cd820bd-c8a9-4e3c-ad0e-f84881c9910a,TR,5294717140479582215
a23a6ff4-822d-4d07-b16f-21b1737b3ce7,-4919732562772470052,-8900760576671480480,female,7451531698654420144,a23a6ff4-822d-4d07-b16f-21b1737b3ce7,AU,9029457899698275823
b524d76a-fcfc-4e6f-969c-7e0a3d164829,-1473769156327911912,-1448063714571397193,male,949852069094813389,b524d76a-fcfc-4e6f-969c-7e0a3d164829,DK,-7598226102510347621
2140611c-a31e-47fe-a4b5-f2ef051e1f51,8718790686901429085,-178688695658007280,male,-8540437502581838020,2140611c-a31e-47fe-a4b5-f2ef051e1f51,TR,-6162615143234444742
75ad1f63-6dea-4e4b-9842-445ebe0e231b,-532854461078843198,754373443035068767,male,-3608743675986385159,75ad1f63-6dea-4e4b-9842-445ebe0e231b,ES,238010307693755355
008dbb00-ee6c-4fcb-b439-3d4027f47929,-5727363845183483234,7246943570562056068,female,-6435401408496750624,008dbb00-ee6c-4fcb-b439-3d4027f47929,ES,-5781896760956090955
4ea5b4b5-9d1e-4b99-b720-20d27ba21ae6,7934392069265591900,4630270725120368636,male,98555244241860095,4ea5b4b5-9d1e-4b99-b720-20d27ba21ae6,FI,-7548637936204794926
af7255c2-2192-4aef-b3a6-0be551bf74f7,-4918627543526126439,-2216114756071195129,male,-6685221084423964529,af7255c2-2192-4aef-b3a6-0be551bf74f7,US,6476004824369357709
35027781-ea63-4278-86ac-ab8a863b0e19,2907217456349647168,-7400813394633865650,female,8113514230627292860,35027781-ea63-4278-86ac-ab8a863b0e19,AU,-371801476741811103
5273614e-bd68-4675-b34b-c1e541add307,4767353836446768533,6228208540671970923,female,8374960904696125311,5273614e-bd68-4675-b34b-c1e541add307,GB,4248187051038103143
c86b8b28-2ec2-4b0f-a90c-eb0ee43ab7d6,5434795686120747537,-8919920303490965690,female,-5191950146907363386,c86b8b28-2ec2-4b0f-a90c-eb0ee43ab7d6,DK,6626792445523678578
eee273d3-4cd8-4983-8dff-a61d18d5a698,-9012517818233392917,-1515342948052181350,male,-1738125629060027502,eee273d3-4cd8-4983-8dff-a61d18d5a698,IR,2884584865888858339
2670c7a6-75b3-444e-85ee-568f5ffd8ed0,7514057323681321620,-7175734739232604278,female,4027456452090672632,2670c7a6-75b3-444e-85ee-568f5ffd8ed0,DE,-4813324662780291514
8d5db27f-037a-4044-b29b-a927603e47b9,-3782102648965729676,8808343981172846184,male,-6921310686170941076,8d5db27f-037a-4044-b29b-a927603e47b9,DE,-5394907458750691704
d37df944-87ac-42c1-b393-fbe61bf2afa3,8726468186785532944,-552357382932900046,male,9017934636073579775,d37df944-87ac-42c1-b393-fbe61bf2afa3,TR,1481406802848821788
39a9cddc-24c1-4871-945e-18d80b43cc7e,-7402506949382245646,-7988388534889566225,female,1377991605690630849,39a9cddc-24c1-4871-945e-18d80b43cc7e,IE,-6085154028093660770
7e5319c4-cee1-4355-8344-e82711266955,-8191316751387519797,-5255627984307194107,male,5298387659486044634,7e5319c4-cee1-4355-8344-e82711266955,NZ,-1409303734279267679
5e34d449-7cec-4eee-9a0c-098fe0883c2f,7326938896728050384,-5322587245040804474,female,-8788770816009459214,5e34d449-7cec-4eee-9a0c-098fe0883c2f,NZ,2362151910165807325
53010f58-2bfa-437e-b8d9-739532731887,-5515859596797585555,4101738859255718299,male,-6560078366254487137,53010f58-2bfa-437e-b8d9-739532731887,GB,3830489057335979494
6dd38745-cba2-44da-bf44-55a68fa9fd0e,-5080731548285643215,3313249100155948454,male,7973789674412488981,6dd38745-cba2-44da-bf44-55a68fa9fd0e,GB,-9220308592485132513
033d7236-b5fd-4bba-b88f-5eda2b24f1d3,5238056254266847649,-252698413241682540,male,4316792443226284780,033d7236-b5fd-4bba-b88f-5eda2b24f1d3,NZ,2777842619171631610
992ed6e9-5476-4487-a766-490845c262da,4175857282141310482,-1320859535930711327,female,-8135960783249426023,992ed6e9-5476-4487-a766-490845c262da,DE,-4448976272713488154
40f33240-fccc-488c-80a8-1f17fd50f7af,6838303167299875524,-6796950326944403410,male,6122966912001552682,40f33240-fccc-488c-80a8-1f17fd50f7af,DE,5295750366072014597
7d80635b-a3df-4718-aa33-9818a4306502,-1514049747549340930,-8998589381027446143,female,6183612053839032391,7d80635b-a3df-4718-aa33-9818a4306502,IE,-5944422097612390104
3955f8cb-3019-45ca-b554-dc4d79394bd3,8423466023364506500,-2467842020740247377,female,-5788130901511570794,3955f8cb-3019-45ca-b554-dc4d79394bd3,UA,8009238088111752866
3e6d0524-222f-4523-88d0-f1fe80225b07,8246745468482150791,-2654065162774678764,female,-325035464077402356,3e6d0524-222f-4523-88d0-f1fe80225b07,BR,1014496055217804064
0c83bd7c-f008-4307-a366-8b09075af7aa,7815504001844833872,-1794528277855123326,male,-3574658488845798630,0c83bd7c-f008-4307-a366-8b09075af7aa,NL,-2114970359972783404
b9a3fd32-4e56-4c22-a217-c85b05664841,-2199729325511719048,-8713155019736142538,male,-5849293506937752495,b9a3fd32-4e56-4c22-a217-c85b05664841,IE,-2310713526102793348
ffba669c-42fb-4ba1-9553-45d43794a12b,-3710421784277210485,2000878494045152159,male,2606792713583430667,ffba669c-42fb-4ba1-9553-45d43794a12b,GB,-2667515221848727674
b8e231c6-360c-4e7c-a15c-a9a716501bb2,-6041816013634525083,5405700013400973554,female,-376087541278022243,b8e231c6-360c-4e7c-a15c-a9a716501bb2,ES,2708174482177099199
192a50bb-ffde-4176-a395-013f07d4a270,-507456255806383196,-8577990567450763776,male,-8944433012557333985,192a50bb-ffde-4176-a395-013f07d4a270,UA,-5991947350561766581
c3721ddb-ad58-4547-bc83-88b146720bca,-2582288787965446700,-7678746526834847511,male,2712517153346480091,c3721ddb-ad58-4547-bc83-88b146720bca,DE,1948549147100720828
916037f4-1e3c-4430-ae9d-ca68c6056a29,1373916613451164610,6325584786836823309,female,5298560181018439197,916037f4-1e3c-4430-ae9d-ca68c6056a29,DE,-8794949626985293006
80e0d3f3-6138-417a-88de-e4213fc960b7,-4211236141136150499,-2924328412721431456,male,7925940304596950700,80e0d3f3-6138-417a-88de-e4213fc960b7,IN,5162389412153119936
321a4a0f-670d-4988-8c83-782d1bd55e07,2505569098619420245,3621138370295931230,male,-770558948675110566,321a4a0f-670d-4988-8c83-782d1bd55e07,NZ,-4870146893032494587
015c0a0f-33cf-4238-9d4e-3676cba95bb3,-3487810921119337799,-6863053909233302899,female,8751443431598608062,015c0a0f-33cf-4238-9d4e-3676cba95bb3,US,-698743689455461722
6132f616-75dc-4627-acae-b67341a4a3cc,1678686785297162415,6897195478259407411,female,-3758038821434925427,6132f616-75dc-4627-acae-b67341a4a3cc,NZ,-3273083651722252811
0c18f322-78fb-4ee7-baa1-0c0d87aeff9d,8692963257212297978,-5484608502011881159,male,-5061406564698490359,0c18f322-78fb-4ee7-baa1-0c0d87aeff9d,GB,517694104228611788
3803597c-ea65-44a1-8432-55ee0d6db949,-3979436809476957797,-1824621749287786268,female,5851646445046816952,3803597c-ea65-44a1-8432-55ee0d6db949,IE,-7322853618145543434
14e56600-8f68-4197-911b-bb03d47a0fa3,-664083035427443788,80787953318069795,male,-1690100655804172900,14e56600-8f68-4197-911b-bb03d47a0fa3,UA,839914347134492131
5ab93898-dc98-4f85-bc3c-298f5b053c9c,6976223960976834544,-2054670008005756492,male,-3670000523703932291,5ab93898-dc98-4f85-bc3c-298f5b053c9c,AU,-849460203635742420
3bdf562d-cfdf-4f5c-8d89-ab150d6bd91f,-2264305030551988834,-1351891166389332713,male,6193375184797371409,3bdf562d-cfdf-4f5c-8d89-ab150d6bd91f,RS,-779706871516631578
3c3e8d3e-5661-4f42-aa1f-769529d9bacf,-5582092625340286688,2922422156205748648,male,-8045042194060793232,3c3e8d3e-5661-4f42-aa1f-769529d9bacf,FI,-752710714876268132
491d3c0b-0f6b-450e-b8b2-79f102a2b000,-3518195992224168841,-7679620054731813162,male,-3917288833100298930,491d3c0b-0f6b-450e-b8b2-79f102a2b000,ES,-7585486294590224157
a2ad4e75-16b8-4cd4-9d93-4fcf1f2a01a9,6089696449246220656,-5387142613705519067,male,-4688853176564560098,a2ad4e75-16b8-4cd4-9d93-4fcf1f2a01a9,DE,-7544317040808478513
94b1127d-3951-4aaf-9bf6-4674062d1229,8457638583992137605,6220476312988322055,female,6382306430313504754,94b1127d-3951-4aaf-9bf6-4674062d1229,TR,1502408188543852206
9a3c0d11-ea51-4a2a-941e-b503ab761ebe,-5456635495524607551,-7010678428372174223,female,-5738621762711188543,9a3c0d11-ea51-4a2a-941e-b503ab761ebe,AU,-2549984060674463865
5bbc87fc-ea8a-4aa6-a409-8ba31b05dd25,6052861946412869108,3865165586421435426,female,-5597688260496574594,5bbc87fc-ea8a-4aa6-a409-8ba31b05dd25,NZ,-5661171454644250097
5b241d28-30d4-40a7-8eca-f323834c2f6f,-7257312009058993996,-1973051129681338958,female,1983504646991781,5b241d28-30d4-40a7-8eca-f323834c2f6f,DK,7111276567693182182
dd2362f3-36b3-4eb2-944f-5e712d55a05b,-6417475400510727874,-8575080711104699183,male,6904914678278789841,dd2362f3-36b3-4eb2-944f-5e712d55a05b,ES,-4544866520751388063
c7e9364e-072a-4336-be15-8b5a33f79863,-1919809704015050725,-4319527080615501744,male,-5301967381476855914,c7e9364e-072a-4336-be15-8b5a33f79863,IE,-5519785709956627779
ee5b0f99-a031-4357-b74e-8af8306c0910,5226062463235137907,1880530328563970807,male,-6505020740596324190,ee5b0f99-a031-4357-b74e-8af8306c0910,NL,-4914102207365680311
bfec236a-671a-4357-802c-95396744c116,6439798841422869009,-7219338840766426251,female,-1118946593566031719,bfec236a-671a-4357-802c-95396744c116,CH,2230353121710025003
cc47ffa1-4557-4652-91d9-34fa1de4882f,5925184296350287905,-3208032363171908233,female,6613936186867346950,cc47ffa1-4557-4652-91d9-34fa1de4882f,CA,-3017186265043420667
0ecc1377-abd7-4d33-89d7-fac6de9d5aa9,3939181847945420034,6699161317653986329,male,-9192090148203541133,0ecc1377-abd7-4d33-89d7-fac6de9d5aa9,UA,1233801715227432904
5d0f3ff4-9204-416d-b9c6-60b3c2fac46b,-6076557523352295247,8482504017431564019,female,-4152322158007798657,5d0f3ff4-9204-416d-b9c6-60b3c2fac46b,ES,8004573049349806010
2a2a61c7-750c-4d3e-a237-15d183780cc7,-6325693762648441404,-8944295665396183514,male,-4157398354208576272,2a2a61c7-750c-4d3e-a237-15d183780cc7,AU,-2685546946231906338
2c5f4455-4770-4426-9be7-b931a64dc5f6,5503895322870732375,4258025375026163684,female,-6272247332487006610,2c5f4455-4770-4426-9be7-b931a64dc5f6,NO,652462191941577322
16196598-5980-47af-9d31-2d1ffe909c6d,23969318731230367,9086383323979752180,female,-2523894865990481397,16196598-5980-47af-9d31-2d1ffe909c6d,IR,-5523855452073859543
d394af9b-6014-4ca9-b19e-2514b2539b7b,4137844907523632309,-8254823535651046290,male,-6418513764812326659,d394af9b-6014-4ca9-b19e-2514b2539b7b,UA,2000743285553515264
42e17be0-2301-44e9-9da7-2fd7c10bd26f,-6277606109818126421,4353444731125811106,female,-1290567269901524613,42e17be0-2301-44e9-9da7-2fd7c10bd26f,FR,3330875445839479846
593617dd-eb7a-4ffb-9a21-d5d1ea5b30d8,-3444615799633357117,2471395479440503216,female,7380466215070556856,593617dd-eb7a-4ffb-9a21-d5d1ea5b30d8,BR,-6698446368160682562
a428cef4-7352-40ca-bc85-c91dd00ca4b5,1442737488891931390,3928534485401285597,female,-9166501033705350305,a428cef4-7352-40ca-bc85-c91dd00ca4b5,US,-2802898564356834840
06d11e53-1bb4-47d1-ad7c-4ce36fdcd6bf,6914935584073408258,-2980554921491461146,male,-2893311656617298331,06d11e53-1bb4-47d1-ad7c-4ce36fdcd6bf,NO,-1501669048263583855
61ae0b33-15da-4a9f-943f-d16a167e3f62,4772354642205024169,-273162728666417082,female,-1361800116393776675,61ae0b33-15da-4a9f-943f-d16a167e3f62,MX,1815536923743800763
cd3e702a-ce9d-4532-8ee4-04d3ef323f54,43933439248853799,-6532220579956152725,female,-7168438958142246987,cd3e702a-ce9d-4532-8ee4-04d3ef323f54,FI,9061718245629580180
31094a06-5b7b-47f9-842a-fa73e98bcf44,3595214812758196724,-2297376665904768740,male,-3970171025450304479,31094a06-5b7b-47f9-842a-fa73e98bcf44,FI,3477445082343344604
75867bc7-4926-416f-b475-768e01fab578,-8766438389831638935,-5352125778003539476,male,7032769706134137761,75867bc7-4926-416f-b475-768e01fab578,BR,-3382572293146493044
308da83c-a39a-4f9e-b515-949c24855107,-3814443143357978526,-4418673978573187168,female,2912547581402521871,308da83c-a39a-4f9e-b515-949c24855107,BR,-8782462206004937626
657100b4-c7d7-471d-9b1a-9e8bc9760619,3467147178276454351,439645471464113847,female,-2994693258693053668,657100b4-c7d7-471d-9b1a-9e8bc9760619,MX,-302019546288934243
16549522-7683-40b8-8969-e7032b5b816a,6651920896172167716,70339984109700091,female,-4235079154317114770,16549522-7683-40b8-8969-e7032b5b816a,CA,-3448276079315407838
a469f3f9-3647-495d-a613-b680da5a9735,-8497488188346037758,8207840944312292044,male,-8720361705920293755,a469f3f9-3647-495d-a613-b680da5a9735,MX,-5617073742209530129
e8e168e9-b32c-4316-a99a-aa4a1b7f7fb8,8896652275983776633,2886638030565301406,female,-4451657869088445115,e8e168e9-b32c-4316-a99a-aa4a1b7f7fb8,MX,-4953481591836467832
